experiment,team,support,accuracy,macro_f1,weighted_f1,f1_field_goal,recall_field_goal,f1_pass,recall_pass,f1_punt,recall_punt,f1_run,recall_run
RF current feature set,ARI,1118,0.684257602862254,0.8026325337872653,0.6842140591331811,0.9382716049382716,1.0,0.6779026217228464,0.6328671328671329,0.9557522123893806,1.0,0.6386036960985626,0.6850220264317181
RF current feature set,ATL,1157,0.7579948141745895,0.8483196583949405,0.7575572126575232,0.9425287356321839,1.0,0.7441424554826617,0.676320272572402,0.9690721649484536,1.0,0.7375352775164629,0.8132780082987552
RF current feature set,BAL,1253,0.7358339984038308,0.8365080485589514,0.7350174312358743,0.9538461538461539,0.96875,0.6978484565014031,0.6856617647058824,0.959349593495935,1.0,0.7349879903923139,0.7427184466019418
RF current feature set,BUF,1294,0.7449768160741885,0.8157230866090848,0.7437354765291643,0.8860759493670886,1.0,0.7421180274858529,0.7403225806451613,0.916030534351145,0.9836065573770492,0.7186678352322524,0.7093425605536332
RF current feature set,CAR,1084,0.7398523985239852,0.8272024477770519,0.740733937749649,0.9122807017543859,1.0,0.7506750675067507,0.7152658662092625,0.9736842105263158,1.0,0.6721698113207547,0.7107231920199502
RF current feature set,CHI,1156,0.7301038062283737,0.8269296075202843,0.731403041601941,0.9411764705882353,0.96,0.7460711331679074,0.7158730158730159,0.9704142011834319,1.0,0.6500566251415628,0.684964200477327
RF current feature set,CIN,1152,0.7430555555555556,0.8237358760976459,0.7379584492362851,0.927536231884058,0.9696969696969697,0.7972318339100346,0.8240343347639485,1.0,1.0,0.5701754385964912,0.5313351498637602
RF current feature set,CLE,1229,0.7127746135069162,0.7698584340029576,0.6979558178652189,0.8709677419354839,1.0,0.7806451612903226,0.8333333333333334,0.9565217391304348,0.9887640449438202,0.47129909365558914,0.40310077519379844
RF current feature set,DAL,1201,0.7477102414654455,0.8205119404930339,0.7392344164829355,0.9574468085106383,0.9574468085106383,0.7946927374301676,0.8467261904761905,0.9323308270676691,1.0,0.5975773889636609,0.5285714285714286
RF current feature set,DEN,1195,0.7665271966527196,0.8345267387062623,0.7654237862388872,0.9041095890410958,0.9428571428571428,0.782608695652174,0.7864077669902912,0.9523809523809523,0.9876543209876543,0.6990077177508269,0.6876355748373102
RF current feature set,DET,1238,0.6833602584814217,0.7699917325715044,0.6817625175271396,0.8307692307692308,0.9,0.6648888888888889,0.6003210272873194,0.9108910891089109,1.0,0.6734177215189874,0.7402597402597403
RF current feature set,GB,1173,0.7058823529411765,0.825828225559704,0.704402840269583,0.9523809523809523,1.0,0.6980461811722913,0.7332089552238806,0.9914529914529915,1.0,0.661432777232581,0.6252319109461967
RF current feature set,HOU,1308,0.7454128440366973,0.8291314262207616,0.7467388883671238,0.9038461538461539,0.9591836734693877,0.7503852080123267,0.7007194244604317,0.9764705882352941,1.0,0.685823754789272,0.7442827442827443
RF current feature set,IND,1134,0.7292768959435626,0.8329428491390075,0.7265976658165062,0.9473684210526315,0.972972972972973,0.7373913043478261,0.7808471454880295,0.9855072463768116,1.0,0.661504424778761,0.6152263374485597
RF current feature set,JAX,1081,0.7678075855689177,0.8403856442299447,0.7675743895305014,0.9491525423728814,0.9655172413793104,0.7883082373782108,0.7712305025996534,0.9251700680272109,1.0,0.6989117291414753,0.7100737100737101
RF current feature set,KC,1336,0.6976047904191617,0.7973421541504436,0.6975393255208986,0.9111111111111111,1.0,0.7266387726638772,0.7107776261937244,0.9530201342281879,0.9861111111111112,0.5985985985985987,0.610204081632653
RF current feature set,LA,1254,0.6985645933014354,0.7737905909732092,0.6990142947259865,0.8235294117647058,0.9210526315789473,0.7204968944099379,0.6956521739130435,0.9271523178807947,0.958904109589041,0.6239837398373984,0.6449579831932774
RF current feature set,LAC,1168,0.7311643835616438,0.8246568656488739,0.7308137359060002,0.9333333333333333,0.9545454545454546,0.733275412684622,0.7189097103918228,0.9625,1.0,0.6695187165775401,0.6804347826086956
RF current feature set,LV,1156,0.7750865051903114,0.8389655282277434,0.7668065515483489,0.9629629629629629,0.975,0.8233657858136301,0.8705882352941177,0.9640287769784173,1.0,0.6055045871559633,0.5365853658536586
RF current feature set,MIA,1169,0.7245508982035929,0.8237265197221535,0.722970481047011,0.9397590361445783,0.9512195121951219,0.7521501172791243,0.7634920634920634,0.9743589743589743,1.0,0.6286379511059371,0.6122448979591837
RF current feature set,MIN,1201,0.7518734388009992,0.8345719384782425,0.7534630099252334,0.9176470588235294,0.9069767441860465,0.7613542526837325,0.7147286821705426,0.96,1.0,0.6992864424057085,0.7571743929359823
RF current feature set,NE,1120,0.7401785714285715,0.8122823009938767,0.7340646497914222,0.8695652173913043,0.9090909090909091,0.7729468599033816,0.8290155440414507,0.9722222222222222,1.0,0.6343949044585987,0.5684931506849316
RF current feature set,NO,1128,0.7411347517730497,0.8198029150791719,0.7404348310010277,0.8955223880597015,0.967741935483871,0.7532467532467533,0.7410562180579217,0.9554140127388535,1.0,0.6750285062713797,0.6804597701149425
RF current feature set,NYG,1149,0.7040905134899913,0.7983767331413262,0.705335068595336,0.9152542372881356,0.9642857142857143,0.7295285359801489,0.695583596214511,0.9390243902439024,1.0,0.6096997690531177,0.6439024390243903
RF current feature set,NYJ,1096,0.7144160583941606,0.8018666420981999,0.7153652535681354,0.9,0.9642857142857143,0.7567140600315956,0.740340030911901,0.9692307692307692,1.0,0.5815217391304348,0.5977653631284916
RF current feature set,PHI,1449,0.6756383712905452,0.7930935571685704,0.6754215101930193,0.9,0.9574468085106383,0.6319165998396151,0.6599664991624791,0.9714285714285714,1.0,0.669029057406095,0.6404341926729986
RF current feature set,PIT,1225,0.7322448979591837,0.815154223179666,0.731458801611869,0.9090909090909091,0.9090909090909091,0.7226148409893993,0.7063903281519862,0.9299363057324841,1.0,0.6989748369058714,0.7088846880907372
RF current feature set,SEA,1121,0.7502230151650312,0.8027898957852838,0.7432560135882609,0.8709677419354839,0.9,0.8017817371937639,0.8372093023255814,0.95,1.0,0.5884101040118871,0.5351351351351351
RF current feature set,SF,1102,0.7549909255898367,0.8444998822768333,0.7544625159019915,0.9333333333333333,0.9767441860465116,0.7653880463871543,0.7619893428063943,0.9791666666666666,1.0,0.7001114827201784,0.6993318485523385
RF current feature set,TB,1211,0.7093311312964492,0.8218041021943479,0.7099757682558604,0.9295774647887324,0.9705882352941176,0.7098402018502944,0.670906200317965,0.9811320754716981,1.0,0.6666666666666666,0.7096774193548387
RF current feature set,TEN,1128,0.7145390070921985,0.8109692249670093,0.7054810367536823,0.9473684210526315,1.0,0.7505938242280285,0.8186528497409327,0.9554140127388535,1.0,0.5905006418485238,0.5145413870246085
RF current feature set,WAS,1402,0.6740370898716119,0.7832953987555291,0.663291273804236,0.9038461538461539,0.94,0.7137355584082157,0.804630969609262,0.9541284403669725,1.0,0.5614714424007744,0.47619047619047616
RF without yardage buckets,ARI,1118,0.6905187835420393,0.8032002173304057,0.6904312615951572,0.926829268292683,1.0,0.6877323420074349,0.6468531468531469,0.9557522123893806,1.0,0.6424870466321243,0.6828193832599119
RF without yardage buckets,ATL,1157,0.7476231633535004,0.8451555554412937,0.7475763251531881,0.9534883720930233,1.0,0.7382920110192838,0.6848381601362862,0.9690721649484536,1.0,0.7197696737044146,0.7780082987551867
RF without yardage buckets,BAL,1253,0.7382282521947326,0.8343621904720171,0.7373606581957265,0.9393939393939394,0.96875,0.7009345794392523,0.6893382352941176,0.959349593495935,1.0,0.7377706495589414,0.7443365695792881
RF without yardage buckets,BUF,1294,0.7442040185471407,0.8208560054983609,0.7426314112073436,0.8974358974358975,1.0,0.7472353870458136,0.7629032258064516,0.9302325581395349,0.9836065573770492,0.7085201793721974,0.6833910034602076
RF without yardage buckets,CAR,1084,0.7333948339483395,0.8232643961403875,0.7341176506177551,0.9122807017543859,1.0,0.7459749552772809,0.7152658662092625,0.9736842105263158,1.0,0.6611177170035671,0.6932668329177057
RF without yardage buckets,CHI,1156,0.7136678200692042,0.8055299556824582,0.7152115904321639,0.8888888888888888,0.96,0.7297071129707113,0.692063492063492,0.9704142011834319,1.0,0.6331096196868009,0.6754176610978521
RF without yardage buckets,CIN,1152,0.7456597222222222,0.8310610225838428,0.7368023247059997,0.9696969696969697,0.9696969696969697,0.8032454361054767,0.8497854077253219,1.0,1.0,0.5513016845329249,0.4904632152588556
RF without yardage buckets,CLE,1229,0.7054515866558178,0.7545507440745625,0.6850894496239752,0.8571428571428571,1.0,0.7801778907242694,0.8457300275482094,0.946236559139785,0.9887640449438202,0.4346456692913386,0.35658914728682173
RF without yardage buckets,DAL,1201,0.7493755203996669,0.8196857882049216,0.7389029494693407,0.9574468085106383,0.9574468085106383,0.7986206896551724,0.8616071428571429,0.9323308270676691,1.0,0.5903448275862069,0.5095238095238095
RF without yardage buckets,DEN,1195,0.7665271966527196,0.8338285156099438,0.7647917038889989,0.9041095890410958,0.9428571428571428,0.7859984089101034,0.7993527508090615,0.9523809523809523,0.9876543209876543,0.6928251121076233,0.6702819956616052
RF without yardage buckets,DET,1238,0.6849757673667205,0.7708782632771316,0.6835071834148876,0.8307692307692308,0.9,0.6678476527900797,0.6051364365971108,0.9108910891089109,1.0,0.6740050804403048,0.738404452690167
RF without yardage buckets,GB,1173,0.7178175618073316,0.832645148030908,0.7169154514858234,0.9523809523809523,1.0,0.7047101449275363,0.7257462686567164,0.9914529914529915,1.0,0.6820365033621518,0.6586270871985158
RF without yardage buckets,HOU,1308,0.7446483180428135,0.8281066348411736,0.7461043274256277,0.9019607843137255,0.9387755102040817,0.7519142419601837,0.7064748201438849,0.9764705882352941,1.0,0.6820809248554913,0.735966735966736
RF without yardage buckets,IND,1134,0.7178130511463845,0.830448106090292,0.7142689420223334,0.96,0.972972972972973,0.7294520547945206,0.7845303867403315,0.9927007299270073,1.0,0.6396396396396397,0.5843621399176955
RF without yardage buckets,JAX,1081,0.7687326549491211,0.8405013215555536,0.7681500782630127,0.9491525423728814,0.9655172413793104,0.7908611599297012,0.779896013864818,0.9251700680272109,1.0,0.6968215158924206,0.7002457002457002
RF without yardage buckets,KC,1336,0.7065868263473054,0.8054378747635511,0.7050037038366989,0.9318181818181818,1.0,0.7406398910823689,0.7421555252387448,0.9530201342281879,0.9861111111111112,0.5962732919254659,0.5877551020408164
RF without yardage buckets,LA,1254,0.7017543859649122,0.7786094718083126,0.7020283036571895,0.8433734939759037,0.9210526315789473,0.7248840803709428,0.7031484257871065,0.9210526315789473,0.958904109589041,0.6251276813074566,0.6428571428571429
RF without yardage buckets,LAC,1168,0.7303082191780822,0.8219356332861113,0.7299584160902317,0.9230769230769231,0.9545454545454546,0.731239092495637,0.7137989778534923,0.9625,1.0,0.670926517571885,0.6847826086956522
RF without yardage buckets,LV,1156,0.777681660899654,0.8422816837364362,0.7680397837032846,0.9629629629629629,0.975,0.8258774948382657,0.8823529411764706,0.9781021897810219,1.0,0.6021840873634945,0.5230352303523035
RF without yardage buckets,MIA,1169,0.7262617621899059,0.8183829015936859,0.7233730556555495,0.9176470588235294,0.9512195121951219,0.7577160493827161,0.7793650793650794,0.9743589743589743,1.0,0.6238095238095238,0.5941043083900227
RF without yardage buckets,MIN,1201,0.7485428809325562,0.8374297403498023,0.7501884123316229,0.9302325581395349,0.9302325581395349,0.7566225165562914,0.7085271317829457,0.967741935483871,1.0,0.6951219512195121,0.7549668874172185
RF without yardage buckets,NE,1120,0.7526785714285714,0.8231267477244882,0.7447684435801887,0.8857142857142857,0.9393939393939394,0.7873517786561265,0.8601036269430051,0.9790209790209791,1.0,0.6404199475065617,0.5570776255707762
RF without yardage buckets,NO,1128,0.7402482269503546,0.8254081300108973,0.7394410721977357,0.9230769230769231,0.967741935483871,0.7549441100601891,0.747870528109029,0.9554140127388535,1.0,0.6681974741676234,0.6689655172413793
RF without yardage buckets,NYG,1149,0.6953872932985204,0.7890054583158845,0.6961837902975494,0.9,0.9642857142857143,0.7251845775225595,0.6971608832807571,0.9390243902439024,1.0,0.591812865497076,0.6170731707317073
RF without yardage buckets,NYJ,1096,0.718978102189781,0.8212653154955031,0.7190370018673088,0.9642857142857143,0.9642857142857143,0.7633824670287044,0.7604327666151468,0.984375,1.0,0.5730180806675939,0.5754189944134078
RF without yardage buckets,PHI,1449,0.673567977915804,0.7931092643454029,0.6733233069212805,0.9108910891089109,0.9787234042553191,0.6356466876971609,0.6750418760469011,0.9640287769784173,0.9852941176470589,0.6618705035971223,0.6241519674355496
RF without yardage buckets,PIT,1225,0.7191836734693877,0.8078328937238513,0.7182981514540308,0.9090909090909091,0.9090909090909091,0.7100175746924429,0.697754749568221,0.9299363057324841,1.0,0.6822867853795689,0.6880907372400756
RF without yardage buckets,SEA,1121,0.7430865298840321,0.7988068505585896,0.7363912646615081,0.8709677419354839,0.9,0.7952345495160089,0.827906976744186,0.95,1.0,0.5790251107828656,0.5297297297297298
RF without yardage buckets,SF,1102,0.7558983666061706,0.844709947779638,0.7550897227511951,0.9333333333333333,0.9767441860465116,0.768141592920354,0.7708703374777975,0.9791666666666666,1.0,0.6981981981981982,0.6904231625835189
RF without yardage buckets,TB,1211,0.7167630057803468,0.8169033059573061,0.7173029887438959,0.9014084507042254,0.9411764705882353,0.7212020033388982,0.6868044515103339,0.9719626168224299,1.0,0.6730401529636711,0.7096774193548387
RF without yardage buckets,TEN,1128,0.7180851063829787,0.8080631070997899,0.7101247336746724,0.9285714285714286,0.9629629629629629,0.7527910685805422,0.8151986183074266,0.9493670886075949,1.0,0.6015228426395939,0.5302013422818792
RF without yardage buckets,WAS,1402,0.6804564907275321,0.789380627302868,0.6706294743381856,0.912621359223301,0.94,0.7182462927143778,0.8060781476121563,0.9541284403669725,1.0,0.5725264169068204,0.48932676518883417
RF broad tendency features,ARI,1118,0.6851520572450805,0.7891596057912249,0.6842564745457052,0.8941176470588236,1.0,0.6736441484300666,0.6188811188811189,0.9391304347826087,1.0,0.649746192893401,0.7048458149779736
RF broad tendency features,ATL,1157,0.7476231633535004,0.7911149313881831,0.7460511342322637,0.8282828282828283,1.0,0.735266604303087,0.6695059625212947,0.8598130841121495,0.9787234042553191,0.7410972088546679,0.7987551867219918
RF broad tendency features,BAL,1253,0.7302474062250599,0.8017882722627612,0.7280124126784985,0.8611111111111112,0.96875,0.6834462729912875,0.6488970588235294,0.9206349206349206,0.9830508474576272,0.7419607843137255,0.7653721682847896
RF broad tendency features,BUF,1294,0.7434312210200927,0.7821106974386184,0.7422458606338785,0.7727272727272727,0.9714285714285714,0.7469684721099434,0.7451612903225806,0.8888888888888888,0.9836065573770492,0.7198581560283688,0.7024221453287197
RF broad tendency features,CAR,1084,0.7306273062730627,0.8036884088130481,0.7314727769372477,0.8387096774193549,1.0,0.7397260273972602,0.6946826758147513,0.9673202614379085,1.0,0.668997668997669,0.71571072319202
RF broad tendency features,CHI,1156,0.7006920415224913,0.7584457236693404,0.701223310608457,0.7692307692307693,1.0,0.7073170731707317,0.6444444444444445,0.9101123595505618,0.9878048780487805,0.6471226927252985,0.711217183770883
RF broad tendency features,CIN,1152,0.7230902777777778,0.7656384480680454,0.7226652071690308,0.7848101265822784,0.9393939393939394,0.7730239303843365,0.7625178826895566,0.9107142857142857,0.9622641509433962,0.5940054495912807,0.5940054495912807
RF broad tendency features,CLE,1229,0.6965012205044752,0.7321266148508119,0.6884611679709416,0.7605633802816901,1.0,0.7638795986622073,0.7865013774104683,0.9139784946236559,0.9550561797752809,0.49008498583569404,0.4470284237726098
RF broad tendency features,DAL,1201,0.7352206494587843,0.7772066669614058,0.7306170817520284,0.8571428571428571,0.8936170212765957,0.7759245830311821,0.7961309523809523,0.8493150684931506,1.0,0.6264441591784339,0.580952380952381
RF broad tendency features,DEN,1195,0.7456066945606694,0.7977177242982426,0.7453044549126987,0.8048780487804879,0.9428571428571428,0.7521079258010118,0.7216828478964401,0.935672514619883,0.9876543209876543,0.6982124079915878,0.720173535791757
RF broad tendency features,DET,1238,0.6720516962843296,0.7413821099158309,0.6687040597467129,0.7714285714285715,0.9,0.643510054844607,0.565008025682183,0.8761904761904762,1.0,0.6743993371996686,0.7551020408163265
RF broad tendency features,GB,1173,0.7007672634271099,0.8098761619715122,0.6992446254471031,0.9195402298850575,1.0,0.6872727272727273,0.7052238805970149,0.9666666666666667,1.0,0.6660250240615977,0.6419294990723562
RF broad tendency features,HOU,1308,0.7262996941896025,0.8045429356572205,0.7270169390313778,0.8440366972477065,0.9387755102040817,0.719551282051282,0.6460431654676259,0.9707602339181286,1.0,0.6838235294117647,0.7733887733887734
RF broad tendency features,IND,1134,0.7222222222222222,0.7845584963152348,0.719967594867932,0.8089887640449438,0.972972972972973,0.7231329690346083,0.7311233885819521,0.9251700680272109,1.0,0.6809421841541756,0.654320987654321
RF broad tendency features,JAX,1081,0.7530064754856615,0.7950551418341212,0.7527645327413915,0.8059701492537313,0.9310344827586207,0.772972972972973,0.7435008665511266,0.9066666666666666,1.0,0.6946107784431138,0.7125307125307125
RF broad tendency features,KC,1336,0.6938622754491018,0.7712324864081498,0.693398042474932,0.8333333333333334,0.975609756097561,0.7262569832402235,0.7094133697135061,0.9271523178807947,0.9722222222222222,0.5981873111782477,0.6061224489795919
RF broad tendency features,LA,1254,0.6929824561403509,0.7555237848557952,0.6933547881757349,0.7659574468085106,0.9473684210526315,0.7078384798099763,0.6701649175412294,0.9150326797385621,0.958904109589041,0.6332665330661322,0.6638655462184874
RF broad tendency features,LAC,1168,0.7448630136986302,0.825800528480026,0.7442532467723938,0.9247311827956989,0.9772727272727273,0.7413333333333333,0.7103918228279387,0.9390243902439024,1.0,0.6981132075471698,0.7239130434782609
RF broad tendency features,LV,1156,0.754325259515571,0.7884893299296765,0.7456705437812551,0.8478260869565217,0.975,0.8056338028169014,0.8411764705882353,0.9054054054054054,1.0,0.5950920245398773,0.5257452574525745
RF broad tendency features,MIA,1169,0.7091531223267751,0.7692201884746466,0.7074470059171497,0.803921568627451,1.0,0.7328490718321227,0.7206349206349206,0.9032258064516129,0.9824561403508771,0.6368843069873997,0.6303854875283447
RF broad tendency features,MIN,1201,0.7402164862614488,0.8205369339836273,0.7410649528098223,0.8817204301075269,0.9534883720930233,0.7395388556789069,0.6713178294573643,0.96,1.0,0.700888450148075,0.7836644591611479
RF broad tendency features,NE,1120,0.7205357142857143,0.7787479797808806,0.7166371758787018,0.8157894736842105,0.9393939393939394,0.7474747474747475,0.7668393782383419,0.9150326797385621,1.0,0.6366950182260024,0.5981735159817352
RF broad tendency features,NO,1128,0.7278368794326241,0.7796868990697365,0.7268049353300002,0.8115942028985508,0.9032258064516129,0.7400881057268722,0.7155025553662692,0.8928571428571429,1.0,0.6742081447963801,0.6850574712643678
RF broad tendency features,NYG,1149,0.6927763272410792,0.7473878614112319,0.6931836013107789,0.75,0.9642857142857143,0.717391304347826,0.6766561514195584,0.9112426035502958,1.0,0.610917537746806,0.6414634146341464
RF broad tendency features,NYJ,1096,0.6961678832116789,0.7641433481589177,0.6991094513907875,0.8,1.0,0.7301324503311258,0.6816074188562596,0.9323308270676691,0.9841269841269841,0.5941101152368758,0.6480446927374302
RF broad tendency features,PHI,1449,0.6804692891649413,0.7597567050893883,0.6787976186138852,0.8288288288288288,0.9787234042553191,0.6258389261744967,0.6247906197654941,0.8918918918918919,0.9705882352941176,0.6924671734623359,0.6797829036635007
RF broad tendency features,PIT,1225,0.713469387755102,0.8004394910944116,0.7118826352161245,0.9130434782608695,0.9545454545454546,0.6933575978161965,0.6580310880829016,0.906832298136646,1.0,0.6885245901639344,0.7145557655954632
RF broad tendency features,SEA,1121,0.7341659232827832,0.7827615218436001,0.7318795468684488,0.8181818181818182,0.9,0.7792408985282726,0.7798449612403101,0.9325153374233128,1.0,0.6011080332409973,0.5864864864864865
RF broad tendency features,SF,1102,0.7441016333938294,0.8166934510314,0.7431075280983693,0.9032258064516129,0.9767441860465116,0.7518115942028986,0.7371225577264654,0.912621359223301,1.0,0.6991150442477876,0.7037861915367484
RF broad tendency features,TB,1211,0.7043765483071841,0.8018910352046025,0.7043969656431404,0.8918918918918919,0.9705882352941176,0.706081081081081,0.6645468998410174,0.9454545454545454,1.0,0.6641366223908919,0.7056451612903226
RF broad tendency features,TEN,1128,0.7101063829787234,0.7847876957156013,0.7055801457378238,0.8709677419354839,1.0,0.7324414715719063,0.7564766839378239,0.9090909090909091,1.0,0.6266506602641057,0.5838926174496645
RF broad tendency features,WAS,1402,0.6747503566333809,0.7472825361580728,0.6692055459546151,0.8103448275862069,0.94,0.7026657552973342,0.743849493487699,0.8739495798319328,1.0,0.6021699819168174,0.5467980295566502
RF rolling tendencies no buckets,ARI,1118,0.686046511627907,0.7893603040628722,0.6848640309787286,0.891566265060241,0.9736842105263158,0.6673170731707317,0.5979020979020979,0.9391304347826087,1.0,0.6594274432379073,0.73568281938326
RF rolling tendencies no buckets,ATL,1157,0.7173725151253241,0.7817884202062177,0.7138968125235996,0.845360824742268,1.0,0.7357083678541839,0.7563884156729132,0.8867924528301887,1.0,0.6592920353982301,0.6182572614107884
RF rolling tendencies no buckets,BAL,1253,0.7342378292098962,0.8111723872947902,0.7313268249524364,0.8857142857142857,0.96875,0.6817733990147783,0.6360294117647058,0.9291338582677166,1.0,0.7480680061823802,0.7831715210355987
RF rolling tendencies no buckets,BUF,1294,0.7264296754250387,0.769274290751255,0.7254157666276159,0.7640449438202247,0.9714285714285714,0.7207357859531772,0.6951612903225807,0.8805970149253731,0.9672131147540983,0.7117194183062446,0.7197231833910035
RF rolling tendencies no buckets,CAR,1084,0.724169741697417,0.8003078502362472,0.7251091780638304,0.8387096774193549,1.0,0.7316176470588235,0.6826758147512865,0.9673202614379085,1.0,0.6635838150289017,0.71571072319202
RF rolling tendencies no buckets,CHI,1156,0.7257785467128027,0.7842492069765254,0.7246877391106445,0.8333333333333334,1.0,0.7506092607636068,0.7333333333333333,0.9101123595505618,0.9878048780487805,0.6429418742586003,0.6467780429594272
RF rolling tendencies no buckets,CIN,1152,0.7326388888888888,0.7685691034655621,0.7279471298020124,0.7948717948717948,0.9393939393939394,0.788515406162465,0.8054363376251789,0.9107142857142857,0.9622641509433962,0.5801749271137027,0.5422343324250681
RF rolling tendencies no buckets,CLE,1229,0.7030105777054516,0.7328815002931138,0.6778846273423259,0.8059701492537313,1.0,0.7834793491864831,0.8622589531680441,0.9289617486338798,0.9550561797752809,0.4131147540983607,0.32558139534883723
RF rolling tendencies no buckets,DAL,1201,0.7277268942547876,0.7721679529836236,0.7169695144986756,0.8686868686868687,0.9148936170212766,0.778318276580959,0.8333333333333334,0.8611111111111112,1.0,0.5805555555555556,0.4976190476190476
RF rolling tendencies no buckets,DEN,1195,0.7523012552301255,0.8012261886314881,0.750811542591901,0.8148148148148148,0.9428571428571428,0.766612641815235,0.7653721682847896,0.9302325581395349,0.9876543209876543,0.6932447397563677,0.6789587852494577
RF rolling tendencies no buckets,DET,1238,0.6793214862681745,0.7719625617958745,0.6767538599688535,0.8405797101449275,0.9666666666666667,0.653393665158371,0.579454253611557,0.92,1.0,0.6738768718801996,0.75139146567718
RF rolling tendencies no buckets,GB,1173,0.7007672634271099,0.8079274166950855,0.6989299502808158,0.9195402298850575,1.0,0.690712353471596,0.7145522388059702,0.9586776859504132,1.0,0.6627793974732751,0.6326530612244898
RF rolling tendencies no buckets,HOU,1308,0.7308868501529052,0.8080213547636083,0.7315251438401432,0.8545454545454545,0.9591836734693877,0.7265500794912559,0.6575539568345323,0.9651162790697675,1.0,0.6858736059479554,0.7671517671517671
RF rolling tendencies no buckets,IND,1134,0.6957671957671958,0.7753968697574382,0.6924349379826933,0.8181818181818182,0.972972972972973,0.7015985790408525,0.7274401473296501,0.9444444444444444,1.0,0.6373626373626373,0.5967078189300411
RF rolling tendencies no buckets,JAX,1081,0.7520814061054579,0.8062158634513064,0.7516364141710824,0.8524590163934426,0.896551724137931,0.7744227353463587,0.755632582322357,0.912751677852349,1.0,0.6852300242130751,0.6953316953316954
RF rolling tendencies no buckets,KC,1336,0.7013473053892215,0.7664158218979938,0.6956255729685217,0.8247422680412371,0.975609756097561,0.749177090190915,0.7762619372442019,0.92,0.9583333333333334,0.5717439293598234,0.5285714285714286
RF rolling tendencies no buckets,LA,1254,0.69377990430622,0.7618153315785845,0.6939759238642673,0.7872340425531915,0.9736842105263158,0.710691823899371,0.6776611694152923,0.9210526315789473,0.958904109589041,0.6282828282828283,0.6533613445378151
RF rolling tendencies no buckets,LAC,1168,0.7208904109589042,0.8109689654151413,0.720068594023167,0.9148936170212766,0.9772727272727273,0.718942731277533,0.6950596252129472,0.9447852760736196,1.0,0.6652542372881356,0.6826086956521739
RF rolling tendencies no buckets,LV,1156,0.7629757785467128,0.7952312288837595,0.7538040560994613,0.8571428571428571,0.975,0.8137254901960784,0.8544117647058823,0.9054054054054054,1.0,0.6046511627906976,0.5284552845528455
RF rolling tendencies no buckets,MIA,1169,0.7005988023952096,0.7637719321715233,0.6984763851242884,0.8080808080808081,0.975609756097561,0.7256637168141593,0.7158730158730159,0.8976377952755905,1.0,0.6237054085155351,0.6145124716553289
RF rolling tendencies no buckets,MIN,1201,0.7468776019983348,0.8182694343273285,0.747499107339502,0.8723404255319149,0.9534883720930233,0.7502102607232969,0.6914728682170542,0.9448818897637795,1.0,0.7056451612903226,0.7726269315673289
RF rolling tendencies no buckets,NE,1120,0.7285714285714285,0.7774835018738447,0.7222788179585647,0.8051948051948052,0.9393939393939394,0.7620605069501226,0.8048359240069085,0.9090909090909091,1.0,0.6335877862595419,0.5684931506849316
RF rolling tendencies no buckets,NO,1128,0.7313829787234043,0.7861638665966849,0.7299926992718502,0.8285714285714286,0.9354838709677419,0.7473867595818815,0.7308347529812607,0.8982035928143712,1.0,0.6704936854190585,0.671264367816092
RF rolling tendencies no buckets,NYG,1149,0.6840731070496083,0.7430285662768533,0.6852862756839937,0.7428571428571429,0.9285714285714286,0.7046808510638298,0.6529968454258676,0.9166666666666666,1.0,0.607909604519774,0.6560975609756098
RF rolling tendencies no buckets,NYJ,1096,0.7116788321167883,0.7730969500822448,0.7129270347591249,0.8115942028985508,1.0,0.7514078841512469,0.7217928902627512,0.9323308270676691,0.9841269841269841,0.5970548862115127,0.6229050279329609
RF rolling tendencies no buckets,PHI,1449,0.6494133885438234,0.7506099917157524,0.6481944965420675,0.8518518518518519,0.9787234042553191,0.6075139888089528,0.6365159128978225,0.8979591836734694,0.9705882352941176,0.6451149425287356,0.6092265943012212
RF rolling tendencies no buckets,PIT,1225,0.7093877551020408,0.801951134478565,0.7071517344858393,0.9247311827956989,0.9772727272727273,0.6785379568884724,0.6252158894645942,0.9125,1.0,0.6920353982300885,0.7391304347826086
RF rolling tendencies no buckets,SEA,1121,0.7368421052631579,0.7756373505009903,0.7289373441346229,0.8059701492537313,0.9,0.7904903417533432,0.8248062015503876,0.9325153374233128,1.0,0.5735735735735735,0.5162162162162162
RF rolling tendencies no buckets,SF,1102,0.7377495462794919,0.8134596391231965,0.7369162634565167,0.9032258064516129,0.9767441860465116,0.7429094236047575,0.7211367673179396,0.912621359223301,1.0,0.6950819672131148,0.7082405345211581
RF rolling tendencies no buckets,TB,1211,0.6903385631709331,0.7916042502194685,0.6902445257114665,0.88,0.9705882352941176,0.6893617021276596,0.643879173290938,0.9454545454545454,1.0,0.6516007532956686,0.6975806451612904
RF rolling tendencies no buckets,TEN,1128,0.7047872340425532,0.7794266826689318,0.697427364706345,0.8709677419354839,1.0,0.7353896103896104,0.7823834196891192,0.9090909090909091,1.0,0.6022584692597239,0.5369127516778524
RF rolling tendencies no buckets,WAS,1402,0.6861626248216833,0.7663197173968815,0.6846145620297797,0.8205128205128205,0.96,0.6763803680981595,0.638205499276411,0.9043478260869565,1.0,0.6640378548895899,0.6912972085385879
Staged RF current features,ARI,1118,0.6985688729874776,0.8131109000891281,0.698860160635522,0.9487179487179487,0.9736842105263158,0.6922357343311506,0.6468531468531469,0.9557522123893806,1.0,0.6557377049180327,0.7048458149779736
Staged RF current features,ATL,1157,0.7649092480553155,0.8623179590330967,0.7646189771778374,0.9761904761904762,1.0,0.7481203007518797,0.6780238500851788,0.9791666666666666,1.0,0.7457943925233644,0.8278008298755186
Staged RF current features,BAL,1253,0.7382282521947326,0.8377925697943237,0.7374024327675093,0.9538461538461539,0.96875,0.700374531835206,0.6875,0.959349593495935,1.0,0.7376,0.7459546925566343
Staged RF current features,BUF,1294,0.7534775888717156,0.829470899036585,0.7529436957025364,0.8974358974358975,1.0,0.7489845653939886,0.7435483870967742,0.943089430894309,0.9508196721311475,0.7283737024221453,0.7283737024221453
Staged RF current features,CAR,1084,0.7361623616236163,0.8290810682863019,0.7371970402935182,0.9285714285714286,1.0,0.7466185752930569,0.7101200686106347,0.9736842105263158,1.0,0.6674500587544065,0.7082294264339152
Staged RF current features,CHI,1156,0.7231833910034602,0.8308261009675085,0.7253102659615187,0.9615384615384616,1.0,0.7289879931389366,0.6746031746031746,0.9761904761904762,1.0,0.6565874730021598,0.7255369928400954
Staged RF current features,CIN,1152,0.7395833333333334,0.8332562456165808,0.7363298569544204,0.9696969696969697,0.9696969696969697,0.7918994413407822,0.8111587982832618,1.0,1.0,0.5714285714285714,0.5449591280653951
Staged RF current features,CLE,1229,0.7119609438567941,0.7724024539217067,0.6979258445470683,0.8852459016393442,1.0,0.7790697674418605,0.8305785123966942,0.9508196721311475,0.9775280898876404,0.4744744744744745,0.4082687338501292
Staged RF current features,DAL,1201,0.7552039966694422,0.8240560385687418,0.7481140916697295,0.9347826086956522,0.9148936170212766,0.7988826815642458,0.8511904761904762,0.9457364341085271,0.9838709677419355,0.616822429906542,0.55
Staged RF current features,DEN,1195,0.7615062761506276,0.8384355117556967,0.7611807877111737,0.9295774647887324,0.9428571428571428,0.7735077677841373,0.7653721682847896,0.9523809523809523,0.9876543209876543,0.6982758620689655,0.702819956616052
Staged RF current features,DET,1238,0.6809369951534734,0.7644048479313648,0.6793828596162175,0.8125,0.8666666666666667,0.6625111308993766,0.5971107544141252,0.9108910891089109,1.0,0.6717171717171717,0.7402597402597403
Staged RF current features,GB,1173,0.711849957374254,0.8295133942273322,0.7111889438655864,0.9523809523809523,1.0,0.6930875576036867,0.7014925373134329,0.9914529914529915,1.0,0.6811320754716981,0.6697588126159555
Staged RF current features,HOU,1308,0.7408256880733946,0.8282546571313223,0.7423363186493014,0.9108910891089109,0.9387755102040817,0.7455803228285934,0.697841726618705,0.9764705882352941,1.0,0.6800766283524904,0.738045738045738
Staged RF current features,IND,1134,0.7319223985890653,0.8385890917770616,0.730686161106975,0.9473684210526315,0.972972972972973,0.7324444444444445,0.7587476979742173,1.0,1.0,0.6745435016111708,0.6460905349794238
Staged RF current features,JAX,1081,0.7678075855689177,0.8443898675436073,0.7677135257099273,0.9655172413793104,0.9655172413793104,0.7872340425531915,0.7694974003466204,0.9251700680272109,1.0,0.6996381182147166,0.7125307125307125
Staged RF current features,KC,1336,0.7035928143712575,0.808016138324816,0.7038050080258614,0.9425287356321839,1.0,0.7319444444444444,0.7189631650750341,0.9523809523809523,0.9722222222222222,0.6052104208416834,0.6163265306122448
Staged RF current features,LA,1254,0.7017543859649122,0.7858820338837631,0.702736461439438,0.8536585365853658,0.9210526315789473,0.7197501951600312,0.6911544227886057,0.9395973154362416,0.958904109589041,0.6305220883534136,0.6596638655462185
Staged RF current features,LAC,1168,0.7397260273972602,0.8273666800517094,0.7398707498129903,0.9213483146067416,0.9318181818181818,0.7380530973451327,0.7103918228279387,0.9625,1.0,0.6875653082549634,0.7152173913043478
Staged RF current features,LV,1156,0.7794117647058824,0.8467493846563223,0.7716292849554541,0.9629629629629629,0.975,0.825,0.8735294117647059,0.9852941176470589,1.0,0.6137404580152672,0.5447154471544715
Staged RF current features,MIA,1169,0.7279726261762189,0.8252406190523716,0.7264885235278302,0.9382716049382716,0.926829268292683,0.7566302652106084,0.7698412698412699,0.9743589743589743,1.0,0.6317016317016317,0.6145124716553289
Staged RF current features,MIN,1201,0.7535387177352206,0.8428783827433529,0.7552394364400787,0.9411764705882353,0.9302325581395349,0.7601659751037344,0.710077519379845,0.967741935483871,1.0,0.7024291497975709,0.7660044150110376
Staged RF current features,NE,1120,0.74375,0.8276284304172448,0.7375699089386657,0.9142857142857143,0.9696969696969697,0.7742971887550201,0.8324697754749568,0.9859154929577465,1.0,0.6360153256704981,0.5684931506849316
Staged RF current features,NO,1128,0.7464539007092199,0.8352123771584032,0.7460158984550813,0.9375,0.967741935483871,0.7590361445783133,0.7512776831345827,0.967741935483871,1.0,0.6765714285714286,0.6804597701149425
Staged RF current features,NYG,1149,0.6997389033942559,0.7919931126920445,0.7014409082624762,0.896551724137931,0.9285714285714286,0.7243963363863447,0.6861198738170347,0.9390243902439024,1.0,0.608,0.6487804878048781
Staged RF current features,NYJ,1096,0.7116788321167883,0.8142667471352292,0.7141343350470911,0.9473684210526315,0.9642857142857143,0.7519872813990461,0.7310664605873262,0.9763779527559056,0.9841269841269841,0.5813333333333334,0.6089385474860335
Staged RF current features,PHI,1449,0.6804692891649413,0.8009625585770095,0.6806198627771571,0.9292929292929293,0.9787234042553191,0.6373098478783027,0.6666666666666666,0.9635036496350365,0.9705882352941176,0.6737438075017693,0.6458616010854816
Staged RF current features,PIT,1225,0.7355102040816327,0.8290619140857876,0.7348470033426109,0.9438202247191011,0.9545454545454546,0.7191413237924866,0.694300518134715,0.948051948051948,1.0,0.7052341597796143,0.725897920604915
Staged RF current features,SEA,1121,0.7314897413024085,0.791431435133398,0.7284852807386818,0.8524590163934426,0.8666666666666667,0.7798165137614679,0.7906976744186046,0.95,1.0,0.5834502103786816,0.5621621621621622
Staged RF current features,SF,1102,0.7486388384754991,0.8411444549746083,0.7482363544825525,0.9333333333333333,0.9767441860465116,0.7580645161290323,0.7513321492007105,0.9791666666666666,1.0,0.6940133037694013,0.6971046770601337
Staged RF current features,TB,1211,0.7126341866226259,0.8225079927526027,0.7134767299156279,0.9142857142857143,0.9411764705882353,0.7092924126172208,0.6613672496025437,0.9904761904761905,1.0,0.6759776536312849,0.7318548387096774
Staged RF current features,TEN,1128,0.7171985815602837,0.8164169790608587,0.7097420226939629,0.9642857142857143,1.0,0.75,0.8082901554404145,0.9493670886075949,1.0,0.6020151133501259,0.5346756152125279
Staged RF current features,WAS,1402,0.6783166904422254,0.7972758851995592,0.6696033381062161,0.94,0.94,0.7128072445019404,0.7973950795947902,0.9629629629629629,1.0,0.5733333333333334,0.4942528735632184
Staged RF no buckets,ARI,1118,0.7003577817531306,0.8132536383661322,0.7006443304501773,0.9367088607594937,0.9736842105263158,0.6935332708528584,0.6468531468531469,0.9642857142857143,1.0,0.6584867075664622,0.7092511013215859
Staged RF no buckets,ATL,1157,0.7528089887640449,0.850391882610645,0.7526853503090519,0.9534883720930233,1.0,0.7402597402597403,0.6797274275979557,0.9791666666666666,1.0,0.7286527514231499,0.7966804979253111
Staged RF no buckets,BAL,1253,0.7382282521947326,0.8377202173094344,0.7373262149789241,0.9538461538461539,0.96875,0.6992481203007519,0.6838235294117647,0.959349593495935,1.0,0.7384370015948963,0.7491909385113269
Staged RF no buckets,BUF,1294,0.7457496136012365,0.8324291105819107,0.7445368322601635,0.9210526315789473,1.0,0.7468354430379747,0.7612903225806451,0.9523809523809523,0.9836065573770492,0.7094474153297683,0.6885813148788927
Staged RF no buckets,CAR,1084,0.7370848708487084,0.829950801952026,0.7382885526267398,0.9285714285714286,1.0,0.7454545454545455,0.7032590051457976,0.9736842105263158,1.0,0.672093023255814,0.7206982543640897
Staged RF no buckets,CHI,1156,0.7145328719723183,0.819909714387949,0.7166061335784972,0.9433962264150944,1.0,0.724342663273961,0.6777777777777778,0.9700598802395209,0.9878048780487805,0.6418400876232202,0.6992840095465394
Staged RF no buckets,CIN,1152,0.7421875,0.8304974417825564,0.7348345114020566,0.9696969696969697,0.9696969696969697,0.7989093387866394,0.8383404864091559,1.0,1.0,0.5533834586466165,0.5013623978201635
Staged RF no buckets,CLE,1229,0.7119609438567941,0.7610964867227186,0.6943609732851617,0.8571428571428571,1.0,0.7833865814696486,0.8443526170798898,0.9456521739130435,0.9775280898876404,0.4582043343653251,0.38242894056847543
Staged RF no buckets,DAL,1201,0.7493755203996669,0.8194052227235734,0.7411717001121038,0.9333333333333333,0.8936170212765957,0.7958333333333333,0.8526785714285714,0.9465648854961832,1.0,0.601889338731444,0.530952380952381
Staged RF no buckets,DEN,1195,0.7631799163179916,0.8390656483590507,0.7626429371794898,0.9295774647887324,0.9428571428571428,0.7772357723577236,0.7734627831715211,0.9523809523809523,0.9876543209876543,0.6970684039087948,0.6963123644251626
Staged RF no buckets,DET,1238,0.6833602584814217,0.7700120234554495,0.6818784133768451,0.8307692307692308,0.9,0.6660761736049602,0.6035313001605136,0.9108910891089109,1.0,0.672311600338696,0.7365491651205937
Staged RF no buckets,GB,1173,0.7152600170502984,0.8313469237025259,0.7145453179762241,0.9523809523809523,1.0,0.6984417965169569,0.710820895522388,0.9914529914529915,1.0,0.683111954459203,0.6679035250463822
Staged RF no buckets,HOU,1308,0.7454128440366973,0.8285306584820886,0.7467901067786203,0.9019607843137255,0.9387755102040817,0.7522935779816514,0.7079136690647482,0.9764705882352941,1.0,0.6833976833976834,0.735966735966736
Staged RF no buckets,IND,1134,0.718694885361552,0.833003246069525,0.7160308613177102,0.972972972972973,0.972972972972973,0.7267996530789246,0.7716390423572744,0.9855072463768116,1.0,0.646733111849391,0.6008230452674898
Staged RF no buckets,JAX,1081,0.7678075855689177,0.8404733232362221,0.7676473562317387,0.9491525423728814,0.9655172413793104,0.7879325643300799,0.7694974003466204,0.9251700680272109,1.0,0.6996381182147166,0.7125307125307125
Staged RF no buckets,KC,1336,0.6961077844311377,0.8081260362974919,0.6965041319752351,0.9534883720930233,1.0,0.7233449477351916,0.7080491132332879,0.9594594594594594,0.9861111111111112,0.5962113659022931,0.610204081632653
Staged RF no buckets,LA,1254,0.70414673046252,0.7895817559472617,0.7051284213647747,0.8641975308641975,0.9210526315789473,0.7227414330218068,0.6956521739130435,0.9395973154362416,0.958904109589041,0.6317907444668008,0.6596638655462185
Staged RF no buckets,LAC,1168,0.7422945205479452,0.8312605476428916,0.7421768916244061,0.9333333333333333,0.9545454545454546,0.7421052631578947,0.7206132879045997,0.9625,1.0,0.6871035940803383,0.7065217391304348
Staged RF no buckets,LV,1156,0.7707612456747405,0.8341692452553897,0.7615245657348378,0.9512195121951219,0.975,0.8204419889502762,0.8735294117647059,0.9705882352941176,0.9850746268656716,0.5944272445820433,0.5203252032520326
Staged RF no buckets,MIA,1169,0.7322497861420018,0.8273739489057973,0.7304886583890124,0.9382716049382716,0.926829268292683,0.7614607614607615,0.7777777777777778,0.9743589743589743,1.0,0.6354044548651817,0.6145124716553289
Staged RF no buckets,MIN,1201,0.7452123230641132,0.8403002182128567,0.7469208004927522,0.9425287356321839,0.9534883720930233,0.7514546965918537,0.7007751937984497,0.975609756097561,1.0,0.6916076845298281,0.7549668874172185
Staged RF no buckets,NE,1120,0.7544642857142857,0.8330285032601809,0.7474902657803542,0.9142857142857143,0.9696969696969697,0.7859984089101034,0.853195164075993,0.9859154929577465,1.0,0.6459143968871596,0.5684931506849316
Staged RF no buckets,NO,1128,0.7526595744680851,0.8312495287990155,0.752866624926361,0.9032258064516129,0.9032258064516129,0.7641427328111401,0.747870528109029,0.967741935483871,1.0,0.6898876404494382,0.7057471264367816
Staged RF no buckets,NYG,1149,0.6919060052219321,0.7880178242948422,0.6940062357472995,0.896551724137931,0.9285714285714286,0.7153652392947103,0.6719242902208202,0.9390243902439024,1.0,0.6011299435028249,0.6487804878048781
Staged RF no buckets,NYJ,1096,0.7153284671532847,0.8149112019499035,0.7166255787534392,0.9473684210526315,0.9642857142857143,0.7582417582417582,0.7465224111282844,0.9763779527559056,0.9841269841269841,0.5776566757493188,0.5921787709497207
Staged RF no buckets,PHI,1449,0.6680469289164941,0.7904084354361086,0.668024109544871,0.92,0.9787234042553191,0.6246006389776357,0.6549413735343383,0.9565217391304348,0.9705882352941176,0.6605113636363636,0.6309362279511533
Staged RF no buckets,PIT,1225,0.7306122448979592,0.8222949243358525,0.7299307962645878,0.9318181818181818,0.9318181818181818,0.7128712871287128,0.6839378238341969,0.9419354838709677,1.0,0.7025547445255474,0.7277882797731569
Staged RF no buckets,SEA,1121,0.7341659232827832,0.7974973811875925,0.7313199113605752,0.8709677419354839,0.9,0.7816091954022989,0.7906976744186046,0.95,1.0,0.5874125874125874,0.5675675675675675
Staged RF no buckets,SF,1102,0.7477313974591652,0.8331654384670515,0.7476862072371308,0.9213483146067416,0.9534883720930233,0.7591763652641003,0.7531083481349912,0.9574468085106383,0.9574468085106383,0.6946902654867256,0.6993318485523385
Staged RF no buckets,TB,1211,0.7142857142857143,0.8234757756287319,0.7150863326477183,0.9142857142857143,0.9411764705882353,0.7095115681233933,0.6581875993640699,0.9904761904761905,1.0,0.6796296296296296,0.7399193548387096
Staged RF no buckets,TEN,1128,0.7163120567375887,0.8135565911525193,0.7093009728250428,0.9473684210526315,1.0,0.7481898632341111,0.8031088082901554,0.9554140127388535,1.0,0.6032540675844806,0.5391498881431768
Staged RF no buckets,WAS,1402,0.68188302425107,0.7991101635374676,0.6730117536704868,0.94,0.94,0.7165913492575855,0.8031837916063675,0.9629629629629629,1.0,0.5768863419293219,0.49589490968801314
Staged RF rolling tendencies no buckets,ARI,1118,0.6869409660107334,0.8061892548743269,0.6869403780391319,0.9367088607594937,0.9736842105263158,0.6724137931034483,0.6136363636363636,0.9642857142857143,1.0,0.6513486513486514,0.7180616740088106
Staged RF rolling tendencies no buckets,ATL,1157,0.7337942955920485,0.8231833386837407,0.7312713078721315,0.9318181818181818,1.0,0.7506213753106876,0.7717206132879046,0.94,1.0,0.6702937976060935,0.6390041493775933
Staged RF rolling tendencies no buckets,BAL,1253,0.7398244213886672,0.8362967713759957,0.7382658283011271,0.9538461538461539,0.96875,0.6942307692307692,0.6636029411764706,0.9516129032258065,1.0,0.745497259201253,0.7702265372168284
Staged RF rolling tendencies no buckets,BUF,1294,0.732612055641422,0.8095900393954827,0.7316936843552162,0.875,1.0,0.726825266611977,0.714516129032258,0.9291338582677166,0.9672131147540983,0.7074010327022375,0.7110726643598616
Staged RF rolling tendencies no buckets,CAR,1084,0.7287822878228782,0.8249274655127126,0.7298397770569991,0.9285714285714286,1.0,0.739404869251578,0.7032590051457976,0.9736842105263158,1.0,0.6580493537015276,0.6982543640897756
Staged RF rolling tendencies no buckets,CHI,1156,0.7335640138408305,0.8249876122209396,0.7346433657859218,0.9259259259259259,1.0,0.7502061005770816,0.7222222222222222,0.9700598802395209,0.9878048780487805,0.6537585421412301,0.684964200477327
Staged RF rolling tendencies no buckets,CIN,1152,0.7369791666666666,0.8172271526391722,0.7332938485618767,0.927536231884058,0.9696969696969697,0.7916376306620209,0.8125894134477826,0.9807692307692307,0.9622641509433962,0.5689655172413793,0.5395095367847411
Staged RF rolling tendencies no buckets,CLE,1229,0.7054515866558178,0.742653036618554,0.6817512696893185,0.8307692307692308,1.0,0.7836990595611285,0.8608815426997245,0.9340659340659341,0.9550561797752809,0.42207792207792205,0.3359173126614987
Staged RF rolling tendencies no buckets,DAL,1201,0.7418817651956703,0.8108825682141454,0.7342092617149342,0.9333333333333333,0.8936170212765957,0.7893631910426872,0.8392857142857143,0.9253731343283582,1.0,0.595460614152203,0.530952380952381
Staged RF rolling tendencies no buckets,DEN,1195,0.7573221757322176,0.8082809557022792,0.7565899922296959,0.8108108108108109,0.8571428571428571,0.7704785077047851,0.7686084142394822,0.9523809523809523,0.9876543209876543,0.6994535519125683,0.6941431670281996
Staged RF rolling tendencies no buckets,DET,1238,0.6865912762520194,0.7862236955909674,0.684205492600725,0.8656716417910447,0.9666666666666667,0.6594202898550725,0.5842696629213483,0.9387755102040817,1.0,0.6810273405136703,0.7625231910946196
Staged RF rolling tendencies no buckets,GB,1173,0.6930946291560103,0.818655742468278,0.6912473338668478,0.9523809523809523,1.0,0.6872246696035242,0.7276119402985075,0.9914529914529915,1.0,0.6435643564356436,0.6029684601113172
Staged RF rolling tendencies no buckets,HOU,1308,0.7247706422018348,0.8086404097826968,0.7259934218924419,0.8653846153846154,0.9183673469387755,0.719551282051282,0.6460431654676259,0.9707602339181286,1.0,0.6788655077767612,0.7713097713097713
Staged RF rolling tendencies no buckets,IND,1134,0.7178130511463845,0.8275884597043395,0.7166701637259577,0.9333333333333333,0.9459459459459459,0.7182222222222222,0.7440147329650092,1.0,1.0,0.6587982832618026,0.6316872427983539
Staged RF rolling tendencies no buckets,JAX,1081,0.7567067530064755,0.8260262683403641,0.7569211638910281,0.9122807017543859,0.896551724137931,0.776092774308653,0.7538994800693241,0.9251700680272109,1.0,0.6905615292712067,0.7100737100737101
Staged RF rolling tendencies no buckets,KC,1336,0.7110778443113772,0.7904254875340617,0.7062689357973121,0.8888888888888888,0.975609756097561,0.7539473684210526,0.781718963165075,0.9324324324324325,0.9583333333333334,0.5864332603938731,0.5469387755102041
Staged RF rolling tendencies no buckets,LA,1254,0.7073365231259968,0.7900487998889975,0.7078313930197003,0.8604651162790697,0.9736842105263158,0.7272727272727273,0.7016491754122939,0.9395973154362416,0.958904109589041,0.6328600405679513,0.6554621848739496
Staged RF rolling tendencies no buckets,LAC,1168,0.7191780821917808,0.8168726580283392,0.7188545301270534,0.9333333333333333,0.9545454545454546,0.7180385288966725,0.6984667802385008,0.9565217391304348,1.0,0.6595970307529162,0.6760869565217391
Staged RF rolling tendencies no buckets,LV,1156,0.7724913494809689,0.8270426641061694,0.7628417185081291,0.9285714285714286,0.975,0.8221453287197232,0.8735294117647059,0.9571428571428572,1.0,0.6003110419906688,0.5230352303523035
Staged RF rolling tendencies no buckets,MIA,1169,0.7134302822925578,0.8235675462325006,0.7133447129126701,0.9523809523809523,0.975609756097561,0.7372611464968153,0.734920634920635,0.9824561403508771,0.9824561403508771,0.6221719457013575,0.6235827664399093
Staged RF rolling tendencies no buckets,MIN,1201,0.746044962531224,0.8337617046620407,0.7475563608209967,0.9090909090909091,0.9302325581395349,0.7457337883959044,0.6775193798449612,0.975609756097561,1.0,0.704612365063788,0.7924944812362031
Staged RF rolling tendencies no buckets,NE,1120,0.7232142857142857,0.7946931172540929,0.7173498785563246,0.8571428571428571,0.9090909090909091,0.7544715447154472,0.8013816925734024,0.9459459459459459,1.0,0.6212121212121212,0.5616438356164384
Staged RF rolling tendencies no buckets,NO,1128,0.7420212765957447,0.8018417880049398,0.7410639675967208,0.8484848484848485,0.9032258064516129,0.7552083333333334,0.7410562180579217,0.9202453987730062,1.0,0.6834285714285714,0.6873563218390805
Staged RF rolling tendencies no buckets,NYG,1149,0.6919060052219321,0.7741562538641055,0.6939030137128622,0.8524590163934426,0.9285714285714286,0.7146486028789162,0.6656151419558359,0.9212121212121213,0.987012987012987,0.6083052749719416,0.6609756097560976
Staged RF rolling tendencies no buckets,NYJ,1096,0.708029197080292,0.797928527427854,0.7106414720701026,0.875,1.0,0.7449718423169751,0.7156105100463679,0.9841269841269841,0.9841269841269841,0.5876152832674572,0.6229050279329609
Staged RF rolling tendencies no buckets,PHI,1449,0.650103519668737,0.7746598410129488,0.6496455600863847,0.8932038834951457,0.9787234042553191,0.6152647975077882,0.661641541038526,0.9565217391304348,0.9705882352941176,0.6336489439184269,0.5902306648575305
Staged RF rolling tendencies no buckets,PIT,1225,0.7053061224489796,0.806726786491559,0.7028648732202619,0.9213483146067416,0.9318181818181818,0.6628242074927954,0.5958549222797928,0.948051948051948,1.0,0.6946826758147513,0.7655954631379962
Staged RF rolling tendencies no buckets,SEA,1121,0.7466547725245317,0.7867668457061798,0.7377260688528228,0.819672131147541,0.8333333333333334,0.8020527859237536,0.8480620155038759,0.95,1.0,0.5753424657534246,0.5108108108108108
Staged RF rolling tendencies no buckets,SF,1102,0.7459165154264973,0.8376792170462828,0.7461464022338373,0.9213483146067416,0.9534883720930233,0.7497708524289642,0.7264653641207816,0.9791666666666666,1.0,0.7004310344827587,0.7238307349665924
Staged RF rolling tendencies no buckets,TB,1211,0.7043765483071841,0.819157948764797,0.7050316934055326,0.9295774647887324,0.9705882352941176,0.7042965459140691,0.6645468998410174,0.9811320754716981,1.0,0.6616257088846881,0.7056451612903226
Staged RF rolling tendencies no buckets,TEN,1128,0.7092198581560284,0.8004631335575607,0.7017449030165384,0.9152542372881356,1.0,0.7417538213998391,0.7962003454231433,0.9493670886075949,1.0,0.5954773869346733,0.5302013422818792
Staged RF rolling tendencies no buckets,WAS,1402,0.6868758915834522,0.7986166878904903,0.6865196296597688,0.8910891089108911,0.9,0.6899055918663762,0.6874095513748191,0.9719626168224299,1.0,0.6415094339622641,0.6420361247947455
Simple logistic baseline,ARI,1118,0.6377459749552773,0.7509625844634098,0.6300623956917831,0.8222222222222222,0.9736842105263158,0.5776330076004343,0.46503496503496505,0.9636363636363636,0.9814814814814815,0.6403587443946188,0.7863436123348018
Simple logistic baseline,ATL,1157,0.7519446845289542,0.8215112934694325,0.7509064858828793,0.8602150537634409,0.975609756097561,0.7692307692307693,0.7751277683134583,0.9574468085106383,0.9574468085106383,0.6991525423728814,0.6846473029045643
Simple logistic baseline,BAL,1253,0.6943335993615323,0.7654874541742187,0.676117710531571,0.8051948051948052,0.96875,0.5642857142857143,0.43566176470588236,0.9508196721311475,0.9830508474576272,0.7416496250852079,0.8802588996763754
Simple logistic baseline,BUF,1294,0.7418856259659969,0.8039172878584759,0.7404695417892024,0.7954545454545454,1.0,0.7498051441932969,0.7758064516129032,0.9672131147540983,0.9672131147540983,0.7031963470319634,0.6660899653979239
Simple logistic baseline,CAR,1084,0.7361623616236163,0.8011888110919698,0.7361383646674611,0.8125,1.0,0.7585601404741001,0.7409948542024014,0.9801324503311258,1.0,0.6535626535626535,0.6633416458852868
Simple logistic baseline,CHI,1156,0.7179930795847751,0.7967667611537765,0.7195524001233289,0.8421052631578947,0.96,0.7351712614870509,0.6984126984126984,0.9700598802395209,0.9878048780487805,0.6397306397306397,0.6801909307875895
Simple logistic baseline,CIN,1152,0.7222222222222222,0.7934588657898904,0.722694462409279,0.8354430379746836,1.0,0.7764876632801161,0.765379113018598,0.9904761904761905,0.9811320754716981,0.5714285714285714,0.5776566757493188
Simple logistic baseline,CLE,1229,0.7152156224572823,0.7557932688712403,0.7055739571630391,0.7941176470588235,1.0,0.7802631578947369,0.8168044077134986,0.9444444444444444,0.9550561797752809,0.5043478260869565,0.4496124031007752
Simple logistic baseline,DAL,1201,0.7368859283930058,0.8138454442410359,0.7306080723638843,0.9183673469387755,0.9574468085106383,0.78125,0.8184523809523809,0.9612403100775194,1.0,0.5945241199478487,0.5428571428571428
Simple logistic baseline,DEN,1195,0.7263598326359832,0.7668896276746419,0.7277471369318319,0.7083333333333334,0.9714285714285714,0.7422680412371134,0.6990291262135923,0.9454545454545454,0.9629629629629629,0.6715025906735751,0.702819956616052
Simple logistic baseline,DET,1238,0.6672051696284329,0.7412491712491713,0.6641112732227434,0.7297297297297297,0.9,0.6382189239332097,0.5521669341894061,0.9292929292929293,1.0,0.6677551020408163,0.7588126159554731
Simple logistic baseline,GB,1173,0.6845694799658995,0.8068344403015598,0.6803728447271931,0.926829268292683,0.95,0.6936708860759494,0.7667910447761194,0.9914529914529915,1.0,0.6153846153846154,0.549165120593692
Simple logistic baseline,HOU,1308,0.7224770642201835,0.8000183319960731,0.7237987111305396,0.8347826086956521,0.9795918367346939,0.7205764611689351,0.6474820143884892,0.9700598802395209,0.9759036144578314,0.6746543778801843,0.760914760914761
Simple logistic baseline,IND,1134,0.736331569664903,0.8320863801582484,0.7362193648920566,0.9113924050632911,0.972972972972973,0.7265917602996255,0.714548802946593,0.9925925925925926,0.9852941176470589,0.6977687626774848,0.7078189300411523
Simple logistic baseline,JAX,1081,0.7567067530064755,0.8151778883567653,0.7531585941238257,0.8656716417910447,1.0,0.7908552074513124,0.8093587521663779,0.9444444444444444,1.0,0.6597402597402597,0.6240786240786241
Simple logistic baseline,KC,1336,0.7065868263473054,0.7723884993007577,0.7027824316455383,0.8,0.975609756097561,0.7503337783711616,0.7667121418826739,0.9523809523809523,0.9722222222222222,0.5868392664509169,0.5551020408163265
Simple logistic baseline,LA,1254,0.7025518341307815,0.7855396838634027,0.7038926137696045,0.8351648351648352,1.0,0.7153167602245389,0.6686656671664168,0.9523809523809523,0.958904109589041,0.6392961876832844,0.6869747899159664
Simple logistic baseline,LAC,1168,0.7200342465753424,0.7851916721764585,0.7163512352122312,0.7920792079207921,0.9090909090909091,0.7460969597370584,0.7734241908006815,0.9746835443037974,1.0,0.627906976744186,0.5869565217391305
Simple logistic baseline,LV,1156,0.7603806228373703,0.8203414267366658,0.7536949231039552,0.9090909090909091,1.0,0.8115330520393812,0.8485294117647059,0.9696969696969697,0.9552238805970149,0.591044776119403,0.5365853658536586
Simple logistic baseline,MIA,1169,0.7262617621899059,0.8135386993526772,0.7257259465478145,0.8791208791208791,0.975609756097561,0.7523961661341853,0.7476190476190476,0.9824561403508771,0.9824561403508771,0.6401816118047673,0.6394557823129252
Simple logistic baseline,MIN,1201,0.7518734388009992,0.8302736764825842,0.7532072509345267,0.8842105263157894,0.9767441860465116,0.7608695652173914,0.7054263565891473,0.975609756097561,1.0,0.7004048582995951,0.7637969094922737
Simple logistic baseline,NE,1120,0.7348214285714286,0.8037400318510721,0.7322120083594277,0.8333333333333334,0.9090909090909091,0.7603027754415476,0.7806563039723662,0.9722222222222222,1.0,0.6491017964071857,0.6187214611872146
Simple logistic baseline,NO,1128,0.7375886524822695,0.8031200840013375,0.7381250693470847,0.8169014084507042,0.9354838709677419,0.7473118279569892,0.7103918228279387,0.967741935483871,1.0,0.6805251641137856,0.7149425287356321
Simple logistic baseline,NYG,1149,0.6892950391644909,0.7713859779659462,0.6906284698286155,0.835820895522388,1.0,0.7151211361737677,0.6750788643533123,0.9382716049382716,0.987012987012987,0.5963302752293578,0.6341463414634146
Simple logistic baseline,NYJ,1096,0.7052919708029197,0.7898019413536655,0.7056092303115962,0.8615384615384616,1.0,0.7507836990595611,0.740340030911901,0.9841269841269841,0.9841269841269841,0.5627586206896552,0.5698324022346368
Simple logistic baseline,PHI,1449,0.6846100759144237,0.767851745532221,0.6756655121301681,0.8108108108108109,0.9574468085106383,0.5753158406219631,0.49581239530988275,0.9635036496350365,0.9705882352941176,0.7217766810610734,0.7937584803256446
Simple logistic baseline,PIT,1225,0.7118367346938775,0.8023576652839564,0.7108231878978066,0.8913043478260869,0.9318181818181818,0.6954954954954955,0.6666666666666666,0.9419354838709677,1.0,0.6806953339432754,0.7032136105860114
Simple logistic baseline,SEA,1121,0.7288135593220338,0.7869599986935181,0.7256656819740204,0.835820895522388,0.9333333333333333,0.7782041442824251,0.786046511627907,0.9559748427672956,1.0,0.5778401122019635,0.5567567567567567
Simple logistic baseline,SF,1102,0.7250453720508166,0.8208861118762887,0.7252202166263219,0.8958333333333334,1.0,0.7196172248803828,0.6678507992895204,0.9787234042553191,0.9787234042553191,0.6893704850361198,0.7438752783964365
Simple logistic baseline,TB,1211,0.7291494632535095,0.8019189952048096,0.725163803253199,0.8192771084337349,1.0,0.7616146230007617,0.794912559618442,0.9811320754716981,1.0,0.6456521739130435,0.5987903225806451
Simple logistic baseline,TEN,1128,0.7180851063829787,0.7983741899457192,0.7132901880409265,0.8709677419354839,1.0,0.7448389760528489,0.7789291882556131,0.9554140127388535,1.0,0.6222760290556901,0.5749440715883669
Simple logistic baseline,WAS,1402,0.6890156918687589,0.8129712550358752,0.6846894843535821,0.9615384615384616,1.0,0.7088096839273705,0.7626628075253257,0.9714285714285714,0.9807692307692307,0.6101083032490975,0.555008210180624
Dummy most-frequent baseline,ARI,1118,0.5116279069767442,0.16923076923076924,0.3463327370304115,0.0,0.0,0.676923076923077,1.0,0.0,0.0,0.0,0.0
Dummy most-frequent baseline,ATL,1157,0.5073465859982714,0.16829128440366972,0.3415280343818639,0.0,0.0,0.6731651376146789,1.0,0.0,0.0,0.0,0.0
Dummy most-frequent baseline,BAL,1253,0.43415802075019955,0.15136338341680577,0.2628625078331759,0.0,0.0,0.6054535336672231,1.0,0.0,0.0,0.0,0.0
Dummy most-frequent baseline,BUF,1294,0.47913446676970634,0.1619644723092999,0.3104110443022131,0.0,0.0,0.6478578892371996,1.0,0.0,0.0,0.0,0.0
Dummy most-frequent baseline,CAR,1084,0.5378228782287823,0.17486502699460107,0.37618564847916025,0.0,0.0,0.6994601079784043,1.0,0.0,0.0,0.0,0.0
Dummy most-frequent baseline,CHI,1156,0.5449826989619377,0.1763717805151176,0.38447827586340516,0.0,0.0,0.7054871220604704,1.0,0.0,0.0,0.0,0.0
Dummy most-frequent baseline,CIN,1152,0.6067708333333334,0.18881685575364668,0.4582742436520799,0.0,0.0,0.7552674230145867,1.0,0.0,0.0,0.0,0.0
Dummy most-frequent baseline,CLE,1229,0.5907241659886087,0.18567774936061382,0.43873733453476205,0.0,0.0,0.7427109974424553,1.0,0.0,0.0,0.0,0.0
Dummy most-frequent baseline,DAL,1201,0.559533721898418,0.1793913507741591,0.40150204070019957,0.0,0.0,0.7175654030966364,1.0,0.0,0.0,0.0,0.0
Dummy most-frequent baseline,DEN,1195,0.5171548117154812,0.1704357418643133,0.3525666559737091,0.0,0.0,0.6817429674572532,1.0,0.0,0.0,0.0,0.0
Dummy most-frequent baseline,DET,1238,0.5032310177705978,0.16738312735088662,0.336929526137649,0.0,0.0,0.6695325094035465,1.0,0.0,0.0,0.0,0.0
Dummy most-frequent baseline,GB,1173,0.45694799658994034,0.15681685196021064,0.286628585339038,0.0,0.0,0.6272674078408426,1.0,0.0,0.0,0.0,0.0
Dummy most-frequent baseline,HOU,1308,0.5313455657492355,0.17348976535197205,0.3687320700905828,0.0,0.0,0.6939590614078882,1.0,0.0,0.0,0.0,0.0
Dummy most-frequent baseline,IND,1134,0.47883597883597884,0.16189624329159213,0.3100869845055892,0.0,0.0,0.6475849731663685,1.0,0.0,0.0,0.0,0.0
Dummy most-frequent baseline,JAX,1081,0.5337650323774283,0.17400482509047044,0.3715107643929748,0.0,0.0,0.6960193003618818,1.0,0.0,0.0,0.0,0.0
Dummy most-frequent baseline,KC,1336,0.5486526946107785,0.17713871435476075,0.3887505318025139,0.0,0.0,0.708554857419043,1.0,0.0,0.0,0.0,0.0
Dummy most-frequent baseline,LA,1254,0.5318979266347688,0.17360749609578344,0.36936586888640366,0.0,0.0,0.6944299843831337,1.0,0.0,0.0,0.0,0.0
Dummy most-frequent baseline,LAC,1168,0.502568493150685,0.16723646723646723,0.33619111735550095,0.0,0.0,0.6689458689458689,1.0,0.0,0.0,0.0,0.0
Dummy most-frequent baseline,LV,1156,0.5882352941176471,0.18518518518518517,0.43572984749455335,0.0,0.0,0.7407407407407407,1.0,0.0,0.0,0.0,0.0
Dummy most-frequent baseline,MIA,1169,0.5389221556886228,0.17509727626459143,0.37745520631887974,0.0,0.0,0.7003891050583657,1.0,0.0,0.0,0.0,0.0
Dummy most-frequent baseline,MIN,1201,0.537052456286428,0.1747020585048754,0.3752966785533543,0.0,0.0,0.6988082340195017,1.0,0.0,0.0,0.0,0.0
Dummy most-frequent baseline,NE,1120,0.5169642857142858,0.170394349617422,0.35235117295888335,0.0,0.0,0.681577398469688,1.0,0.0,0.0,0.0,0.0
Dummy most-frequent baseline,NO,1128,0.5203900709219859,0.17113702623906704,0.3562320368877034,0.0,0.0,0.6845481049562682,1.0,0.0,0.0,0.0,0.0
Dummy most-frequent baseline,NYG,1149,0.5517841601392516,0.1777902411665732,0.3924073556122103,0.0,0.0,0.7111609646662927,1.0,0.0,0.0,0.0,0.0
Dummy most-frequent baseline,NYJ,1096,0.5903284671532847,0.18559954102122778,0.43825877022165827,0.0,0.0,0.7423981640849111,1.0,0.0,0.0,0.0,0.0
Dummy most-frequent baseline,PHI,1449,0.41200828157349895,0.14589442815249268,0.2404388505370273,0.0,0.0,0.5835777126099707,1.0,0.0,0.0,0.0,0.0
Dummy most-frequent baseline,PIT,1225,0.4726530612244898,0.16047671840354769,0.3033992488347889,0.0,0.0,0.6419068736141907,1.0,0.0,0.0,0.0,0.0
Dummy most-frequent baseline,SEA,1121,0.5753791257805531,0.18261608154020384,0.4202939254002907,0.0,0.0,0.7304643261608154,1.0,0.0,0.0,0.0,0.0
Dummy most-frequent baseline,SF,1102,0.5108892921960072,0.16906906906906907,0.34550230811573823,0.0,0.0,0.6762762762762763,1.0,0.0,0.0,0.0,0.0
Dummy most-frequent baseline,TB,1211,0.5194054500412882,0.17092391304347826,0.35511524790866333,0.0,0.0,0.683695652173913,1.0,0.0,0.0,0.0,0.0
Dummy most-frequent baseline,TEN,1128,0.5132978723404256,0.1695957820738137,0.3482126163855962,0.0,0.0,0.6783831282952548,1.0,0.0,0.0,0.0,0.0
Dummy most-frequent baseline,WAS,1402,0.492867332382311,0.1650740563784042,0.32543843925100513,0.0,0.0,0.6602962255136168,1.0,0.0,0.0,0.0,0.0
